risk_id,state,plan_id,scenario_id,status,total_mln,pv_mln,capex_mln,cost_per_served_t,served_t,shortage_t,critical_shortage_t,worst_total_service,worst_critical_service,minimum_inventory_t,final_inventory_t,minimum_reserve_margin_t,hard_violations,target_violations,key_violation,violation_codes,max_violation_excess,audit_status
RISK_A_DELAY,fixed,EARTH_NEW_BASE_R60_E_INSURANCE,TEAM_A_DELAY_90,TARGETS_MISSED,10749.32044563760188774607671,7512.603211687083456506050092,540,7.843777779514734967562477458,1370.426438356164383561643852,19.57356164383561643835616083,13.23515981735159817351597828,0.9217057534246575342465753652,0.9221461187214611872146119212,0E-28,19.57356164383561643835616024,4.10958904109589041095890411,0,2,TOTAL_SERVICE_SHORTFALL,CRITICAL_SERVICE_SHORTFALL;TOTAL_SERVICE_SHORTFALL,0.0678538812785388127853880788,PASS
RISK_A_DELAY,after_recourse,EARTH_NEW_BASE_R60_E_INSURANCE_ADAPTED_TEAM_A_DELAY_90,TEAM_A_DELAY_90,TARGETS_MISSED,10749.32044563760188774607671,7512.603211687083456506050092,540,7.843777779514734967562477458,1370.426438356164383561643852,19.57356164383561643835616083,13.23515981735159817351597828,0.9217057534246575342465753652,0.9221461187214611872146119212,0E-28,19.57356164383561643835616024,4.10958904109589041095890411,0,2,TOTAL_SERVICE_SHORTFALL,CRITICAL_SERVICE_SHORTFALL;TOTAL_SERVICE_SHORTFALL,0.0678538812785388127853880788,PASS
RISK_A_DELAY,management_package_response,EARTH_NEW_BASE_R60_E_INSURANCE_ADAPTED_TEAM_A_DELAY_90,TEAM_A_DELAY_90,FEASIBLE,11024.54427231227100782314332,7700.584788542946526021156036,540,7.931326814613144609944707345,1390.000000000000000000000014,0E-29,0E-29,0.9999999999999999999999999811,1,1.195E-25,19.57356164383561643835616034,4.10958904109589041095890411,0,0,,,0,PASS
RISK_C_DELAY,fixed,EARTH_NEW_BASE_R60_E_INSURANCE,TEAM_C_DELAY_60,FEASIBLE,10720.45143738089331202830603,7495.430926122049201071941269,540,7.712554990921505979876479081,1390.000000000000000000000014,0E-29,0E-29,0.9999999999999999999999999811,1,3.560E-24,3.560E-24,4.10958904109589041095890411,0,0,,,0,PASS
RISK_C_DELAY,after_recourse,EARTH_NEW_BASE_R60_E_INSURANCE_ADAPTED_TEAM_C_DELAY_60,TEAM_C_DELAY_60,FEASIBLE,10720.45143738089331202830603,7495.430926122049201071941269,540,7.712554990921505979876479081,1390.000000000000000000000014,0E-29,0E-29,0.9999999999999999999999999811,1,3.560E-24,3.560E-24,4.10958904109589041095890411,0,0,,,0,PASS
RISK_C_DELAY,management_package_response,EARTH_NEW_BASE_R60_E_INSURANCE_ADAPTED_TEAM_C_DELAY_60,TEAM_C_DELAY_60,FEASIBLE,10720.45143738089331202830603,7495.430926122049201071941269,540,7.712554990921505979876479081,1390.000000000000000000000014,0E-29,0E-29,0.9999999999999999999999999811,1,3.560E-24,3.560E-24,4.10958904109589041095890411,0,0,,,0,PASS
RISK_DEMAND,fixed,EARTH_NEW_BASE_R60_E_INSURANCE,TEAM_DEMAND_125,INFEASIBLE,10624.86835706000759238109266,7436.791028815720394754948065,540,7.643790184935257260705822030,1390.000000000000000000000005,239.9999999999999999999999975,151.3997945205479452054794513,0.6487671232876712328767123171,0.6546794520547945205479452227,0E-28,0E-27,-60.10273972602739726027397260,2,4,OPENING_RESERVE_SHORTFALL,CRITICAL_SERVICE_SHORTFALL;OPENING_RESERVE_SHORTFALL;TOTAL_SERVICE_SHORTFALL,60.10273972602739726027397260,PASS
RISK_DEMAND,after_recourse,EARTH_NEW_BASE_R60_E_INSURANCE_ADAPTED_TEAM_DEMAND_125,TEAM_DEMAND_125,FEASIBLE,12888.79781805587999781982342,8827.086356605290215263464450,540,7.907237925187656440380259777,1629.999999999999999999999998,0E-29,0E-29,0.9999999999999999999999999799,0.9999999999999999999999999844,3.982E-24,3.982E-24,4.10958904109589041095890411,0,0,,,0,PASS
RISK_DEMAND,management_package_response,EARTH_NEW_BASE_R60_E_INSURANCE_ADAPTED_TEAM_DEMAND_125,TEAM_DEMAND_125,FEASIBLE,12888.79781805587999781982342,8827.086356605290215263464450,540,7.907237925187656440380259777,1629.999999999999999999999998,0E-29,0E-29,0.9999999999999999999999999799,0.9999999999999999999999999844,3.982E-24,3.982E-24,4.10958904109589041095890411,0,0,,,0,PASS
RISK_PRICE,fixed,EARTH_NEW_BASE_R60_E_INSURANCE,TEAM_PRICE_150,FEASIBLE,11982.05156438165227889131137,8315.773819419484154860469589,540,8.620180981569534013590871402,1390.000000000000000000000014,0E-29,0E-29,0.9999999999999999999999999811,1,3.560E-24,3.560E-24,4.10958904109589041095890411,0,0,,,0,PASS
RISK_PRICE,after_recourse,EARTH_NEW_BASE_R60_E_INSURANCE_ADAPTED_TEAM_PRICE_150,TEAM_PRICE_150,FEASIBLE,11982.05156438165227889131137,8315.773819419484154860469589,540,8.620180981569534013590871402,1390.000000000000000000000014,0E-29,0E-29,0.9999999999999999999999999811,1,3.560E-24,3.560E-24,4.10958904109589041095890411,0,0,,,0,PASS
RISK_PRICE,management_package_response,EARTH_NEW_BASE_R60_E_INSURANCE_ADAPTED_TEAM_PRICE_150,TEAM_PRICE_150,FEASIBLE,11982.05156438165227889131137,8315.773819419484154860469589,540,8.620180981569534013590871402,1390.000000000000000000000014,0E-29,0E-29,0.9999999999999999999999999811,1,3.560E-24,3.560E-24,4.10958904109589041095890411,0,0,,,0,PASS
RISK_CAPEX,fixed,EARTH_NEW_BASE_R60_E_INSURANCE,TEAM_CAPEX_130,FEASIBLE,10889.15449821782331765788006,7649.736479593075774140429779,702.0,7.833924099437282962343798525,1390.000000000000000000000014,0E-29,0E-29,0.9999999999999999999999999811,1,3.560E-24,3.560E-24,4.10958904109589041095890411,0,0,,,0,PASS
RISK_CAPEX,after_recourse,EARTH_NEW_BASE_R60_E_INSURANCE_ADAPTED_TEAM_CAPEX_130,TEAM_CAPEX_130,FEASIBLE,10889.15449821782331765788006,7649.736479593075774140429779,702.0,7.833924099437282962343798525,1390.000000000000000000000014,0E-29,0E-29,0.9999999999999999999999999811,1,3.560E-24,3.560E-24,4.10958904109589041095890411,0,0,,,0,PASS
RISK_CAPEX,management_package_response,EARTH_NEW_BASE_R60_E_INSURANCE_ADAPTED_TEAM_CAPEX_130,TEAM_CAPEX_130,FEASIBLE,10889.15449821782331765788006,7649.736479593075774140429779,702.0,7.833924099437282962343798525,1390.000000000000000000000014,0E-29,0E-29,0.9999999999999999999999999811,1,3.560E-24,3.560E-24,4.10958904109589041095890411,0,0,,,0,PASS
RISK_D_SUPPLY,fixed,EARTH_NEW_BASE_R60_E_INSURANCE,TEAM_D_HALF,FEASIBLE,10727.15449821782331765788006,7500.009206865803046867702507,540,7.717377336847354904789841692,1390.000000000000000000000014,0E-29,0E-29,0.9999999999999999999999999811,1,3.560E-24,3.560E-24,4.10958904109589041095890411,0,0,,,0,PASS
RISK_D_SUPPLY,after_recourse,EARTH_NEW_BASE_R60_E_INSURANCE_ADAPTED_TEAM_D_HALF,TEAM_D_HALF,FEASIBLE,10727.15449821782331765788006,7500.009206865803046867702507,540,7.717377336847354904789841692,1390.000000000000000000000014,0E-29,0E-29,0.9999999999999999999999999811,1,3.560E-24,3.560E-24,4.10958904109589041095890411,0,0,,,0,PASS
RISK_D_SUPPLY,management_package_response,EARTH_NEW_BASE_R60_E_INSURANCE_ADAPTED_TEAM_D_HALF,TEAM_D_HALF,FEASIBLE,10727.15449821782331765788006,7500.009206865803046867702507,540,7.717377336847354904789841692,1390.000000000000000000000014,0E-29,0E-29,0.9999999999999999999999999811,1,3.560E-24,3.560E-24,4.10958904109589041095890411,0,0,,,0,PASS
