id,source,contract_id,ordered_at,planned_arrival_at,actual_arrival_at,planned_t,actual_share,gross_t,role
PREP-STOCK,B,PREP-B,-368/3,-1,-1,17.21293839202467187836190203,1,17.21293839202467187836190203,opening_inventory
A-2035-01,A,A-2035,-365,0,0,9.299768103468885223170527625,1,9.299768103468885223170527625,planned
A-2035-02,A,A-2035,-4015/12,365/12,365/12,9.299768103468885223170527625,1,9.299768103468885223170527625,planned
A-2035-03,A,A-2035,-1825/6,365/6,365/6,9.299768103468885223170527625,1,9.299768103468885223170527625,planned
A-2035-04,A,A-2035,-1095/4,365/4,365/4,9.299768103468885223170527625,1,9.299768103468885223170527625,planned
A-2035-05,A,A-2035,-730/3,365/3,365/3,9.299768103468885223170527625,1,9.299768103468885223170527625,planned
A-2035-06,A,A-2035,-2555/12,1825/12,1825/12,9.299768103468885223170527625,1,9.299768103468885223170527625,planned
A-2035-07,A,A-2035,-365/2,365/2,365/2,9.299768103468885223170527625,1,9.299768103468885223170527625,planned
A-2035-08,A,A-2035,-1825/12,2555/12,2555/12,9.299768103468885223170527625,1,9.299768103468885223170527625,planned
A-2035-09,A,A-2035,-365/3,730/3,730/3,9.299768103468885223170527625,1,9.299768103468885223170527625,planned
A-2035-10,A,A-2035,-365/4,1095/4,1095/4,9.299768103468885223170527625,1,9.299768103468885223170527625,planned
A-2035-11,A,A-2035,-365/6,1825/6,1825/6,9.299768103468885223170527625,1,9.299768103468885223170527625,planned
A-2035-12,A,A-2035,-365/12,4015/12,4015/12,9.2997681034688852231705277,1,9.2997681034688852231705277,planned
A-2036-01,A,A-2036,0,365,365,12.71394562379411398369512852,1,12.71394562379411398369512852,planned
A-2036-02,A,A-2036,365/12,4745/12,4745/12,12.71394562379411398369512852,1,12.71394562379411398369512852,planned
A-2036-03,A,A-2036,365/6,2555/6,2555/6,12.71394562379411398369512852,1,12.71394562379411398369512852,planned
A-2036-04,A,A-2036,365/4,1825/4,1825/4,12.71394562379411398369512852,1,12.71394562379411398369512852,planned
A-2036-05,A,A-2036,365/3,1460/3,1460/3,12.71394562379411398369512852,1,12.71394562379411398369512852,planned
A-2036-06,A,A-2036,1825/12,6205/12,6205/12,12.71394562379411398369512852,1,12.71394562379411398369512852,planned
A-2036-07,A,A-2036,365/2,1095/2,1095/2,12.71394562379411398369512852,1,12.71394562379411398369512852,planned
A-2036-08,A,A-2036,2555/12,6935/12,6935/12,12.71394562379411398369512852,1,12.71394562379411398369512852,planned
A-2036-09,A,A-2036,730/3,1825/3,1825/3,12.71394562379411398369512852,1,12.71394562379411398369512852,planned
A-2036-10,A,A-2036,1095/4,2555/4,2555/4,12.71394562379411398369512852,1,12.71394562379411398369512852,planned
A-2036-11,A,A-2036,1825/6,4015/6,4015/6,12.71394562379411398369512852,1,12.71394562379411398369512852,planned
A-2036-12,A,A-2036,4015/12,8395/12,8395/12,12.7139456237941139836951285,1,12.7139456237941139836951285,planned
A-2037-01,A,A-2037,365,730,730,15.83333333333333333333333333,1,15.83333333333333333333333333,planned
A-2037-02,A,A-2037,4745/12,9125/12,9125/12,15.83333333333333333333333333,1,15.83333333333333333333333333,planned
A-2037-03,A,A-2037,2555/6,4745/6,4745/6,15.83333333333333333333333333,1,15.83333333333333333333333333,planned
A-2037-04,A,A-2037,1825/4,3285/4,3285/4,15.83333333333333333333333333,1,15.83333333333333333333333333,planned
A-2037-05,A,A-2037,1460/3,2555/3,2555/3,15.83333333333333333333333333,1,15.83333333333333333333333333,planned
A-2037-06,A,A-2037,6205/12,10585/12,10585/12,15.83333333333333333333333333,1,15.83333333333333333333333333,planned
A-2037-07,A,A-2037,1095/2,1825/2,1825/2,15.83333333333333333333333333,1,15.83333333333333333333333333,planned
A-2037-08,A,A-2037,6935/12,11315/12,11315/12,15.83333333333333333333333333,1,15.83333333333333333333333333,planned
A-2037-09,A,A-2037,1825/3,2920/3,2920/3,15.83333333333333333333333333,1,15.83333333333333333333333333,planned
A-2037-10,A,A-2037,2555/4,4015/4,4015/4,15.83333333333333333333333333,1,15.83333333333333333333333333,planned
A-2037-11,A,A-2037,4015/6,6205/6,6205/6,15.83333333333333333333333333,1,15.83333333333333333333333333,planned
A-2037-12,A,A-2037,8395/12,12775/12,12775/12,15.8333333333333333333333335,1,15.8333333333333333333333335,planned
B-2037-01,B,B-2037,1825/3,730,730,1.544146192668182574455105102,1,1.544146192668182574455105102,planned
B-2037-02,B,B-2037,2555/4,9125/12,9125/12,1.544146192668182574455105102,1,1.544146192668182574455105102,planned
B-2037-03,B,B-2037,4015/6,4745/6,4745/6,1.544146192668182574455105102,1,1.544146192668182574455105102,planned
B-2037-04,B,B-2037,8395/12,3285/4,3285/4,1.544146192668182574455105102,1,1.544146192668182574455105102,planned
B-2037-05,B,B-2037,730,2555/3,2555/3,1.544146192668182574455105102,1,1.544146192668182574455105102,planned
B-2037-06,B,B-2037,9125/12,10585/12,10585/12,1.544146192668182574455105102,1,1.544146192668182574455105102,planned
B-2037-07,B,B-2037,4745/6,1825/2,1825/2,1.544146192668182574455105102,1,1.544146192668182574455105102,planned
B-2037-08,B,B-2037,3285/4,11315/12,11315/12,1.544146192668182574455105102,1,1.544146192668182574455105102,planned
B-2037-09,B,B-2037,2555/3,2920/3,2920/3,1.544146192668182574455105102,1,1.544146192668182574455105102,planned
B-2037-10,B,B-2037,10585/12,4015/4,4015/4,1.544146192668182574455105102,1,1.544146192668182574455105102,planned
B-2037-11,B,B-2037,1825/2,6205/6,6205/6,1.544146192668182574455105102,1,1.544146192668182574455105102,planned
B-2037-12,B,B-2037,11315/12,12775/12,12775/12,1.54414619266818257445510512,1,1.54414619266818257445510512,planned
A-2038-01,A,A-2038,730,1095,1095,15.83333333333333333333333333,1,15.83333333333333333333333333,planned
A-2038-02,A,A-2038,9125/12,13505/12,13505/12,15.83333333333333333333333333,1,15.83333333333333333333333333,planned
A-2038-03,A,A-2038,4745/6,6935/6,6935/6,15.83333333333333333333333333,1,15.83333333333333333333333333,planned
A-2038-04,A,A-2038,3285/4,4745/4,4745/4,15.83333333333333333333333333,1,15.83333333333333333333333333,planned
A-2038-05,A,A-2038,2555/3,3650/3,3650/3,15.83333333333333333333333333,1,15.83333333333333333333333333,planned
A-2038-06,A,A-2038,10585/12,14965/12,14965/12,15.83333333333333333333333333,1,15.83333333333333333333333333,planned
A-2038-07,A,A-2038,1825/2,2555/2,2555/2,15.83333333333333333333333333,1,15.83333333333333333333333333,planned
A-2038-08,A,A-2038,11315/12,15695/12,15695/12,15.83333333333333333333333333,1,15.83333333333333333333333333,planned
A-2038-09,A,A-2038,2920/3,4015/3,4015/3,15.83333333333333333333333333,1,15.83333333333333333333333333,planned
A-2038-10,A,A-2038,4015/4,5475/4,5475/4,15.83333333333333333333333333,1,15.83333333333333333333333333,planned
A-2038-11,A,A-2038,6205/6,8395/6,8395/6,15.83333333333333333333333333,1,15.83333333333333333333333333,planned
A-2038-12,A,A-2038,12775/12,17155/12,17155/12,15.8333333333333333333333335,1,15.8333333333333333333333335,planned
C-2038-01,C,C-2038,1095,3650/3,3650/3,9.553754644778437136043480668,1,9.553754644778437136043480668,planned
C-2038-02,C,C-2038,13505/12,14965/12,14965/12,9.553754644778437136043480668,1,9.553754644778437136043480668,planned
C-2038-03,C,C-2038,6935/6,2555/2,2555/2,9.553754644778437136043480668,1,9.553754644778437136043480668,planned
C-2038-04,C,C-2038,4745/4,15695/12,15695/12,9.553754644778437136043480668,1,9.553754644778437136043480668,planned
C-2038-05,C,C-2038,3650/3,4015/3,4015/3,9.553754644778437136043480668,1,9.553754644778437136043480668,planned
C-2038-06,C,C-2038,14965/12,5475/4,5475/4,9.553754644778437136043480668,1,9.553754644778437136043480668,planned
C-2038-07,C,C-2038,2555/2,8395/6,8395/6,9.553754644778437136043480668,1,9.553754644778437136043480668,planned
C-2038-08,C,C-2038,15695/12,17155/12,17155/12,9.55375464477843713604348065,1,9.55375464477843713604348065,planned
A-2039-01,A,A-2039,1095,1460,1460,15.83333333333333333333333333,1,15.83333333333333333333333333,planned
A-2039-02,A,A-2039,13505/12,17885/12,17885/12,15.83333333333333333333333333,1,15.83333333333333333333333333,planned
A-2039-03,A,A-2039,6935/6,9125/6,9125/6,15.83333333333333333333333333,1,15.83333333333333333333333333,planned
A-2039-04,A,A-2039,4745/4,6205/4,6205/4,15.83333333333333333333333333,1,15.83333333333333333333333333,planned
A-2039-05,A,A-2039,3650/3,4745/3,4745/3,15.83333333333333333333333333,1,15.83333333333333333333333333,planned
A-2039-06,A,A-2039,14965/12,19345/12,19345/12,15.83333333333333333333333333,1,15.83333333333333333333333333,planned
A-2039-07,A,A-2039,2555/2,3285/2,3285/2,15.83333333333333333333333333,1,15.83333333333333333333333333,planned
A-2039-08,A,A-2039,15695/12,20075/12,20075/12,15.83333333333333333333333333,1,15.83333333333333333333333333,planned
A-2039-09,A,A-2039,4015/3,5110/3,5110/3,15.83333333333333333333333333,1,15.83333333333333333333333333,planned
A-2039-10,A,A-2039,5475/4,6935/4,6935/4,15.83333333333333333333333333,1,15.83333333333333333333333333,planned
A-2039-11,A,A-2039,8395/6,10585/6,10585/6,15.83333333333333333333333333,1,15.83333333333333333333333333,planned
A-2039-12,A,A-2039,17155/12,21535/12,21535/12,15.8333333333333333333333335,1,15.8333333333333333333333335,planned
C-2039-01,C,C-2039,4015/3,1460,1460,10.83333333333333333333333333,1,10.83333333333333333333333333,planned
C-2039-02,C,C-2039,5475/4,17885/12,17885/12,10.83333333333333333333333333,1,10.83333333333333333333333333,planned
C-2039-03,C,C-2039,8395/6,9125/6,9125/6,10.83333333333333333333333333,1,10.83333333333333333333333333,planned
C-2039-04,C,C-2039,17155/12,6205/4,6205/4,10.83333333333333333333333333,1,10.83333333333333333333333333,planned
C-2039-05,C,C-2039,1460,4745/3,4745/3,10.83333333333333333333333333,1,10.83333333333333333333333333,planned
C-2039-06,C,C-2039,17885/12,19345/12,19345/12,10.83333333333333333333333333,1,10.83333333333333333333333333,planned
C-2039-07,C,C-2039,9125/6,3285/2,3285/2,10.83333333333333333333333333,1,10.83333333333333333333333333,planned
C-2039-08,C,C-2039,6205/4,20075/12,20075/12,10.83333333333333333333333333,1,10.83333333333333333333333333,planned
C-2039-09,C,C-2039,4745/3,5110/3,5110/3,10.83333333333333333333333333,1,10.83333333333333333333333333,planned
C-2039-10,C,C-2039,19345/12,6935/4,6935/4,10.83333333333333333333333333,1,10.83333333333333333333333333,planned
C-2039-11,C,C-2039,3285/2,10585/6,10585/6,10.83333333333333333333333333,1,10.83333333333333333333333333,planned
C-2039-12,C,C-2039,20075/12,21535/12,21535/12,10.8333333333333333333333334,1,10.8333333333333333333333334,planned
B-2039-01,B,B-2039,4015/3,1460,1460,1.440019965614774554933170648,1,1.440019965614774554933170648,planned
B-2039-02,B,B-2039,5475/4,17885/12,17885/12,1.440019965614774554933170648,1,1.440019965614774554933170648,planned
B-2039-03,B,B-2039,8395/6,9125/6,9125/6,1.440019965614774554933170648,1,1.440019965614774554933170648,planned
B-2039-04,B,B-2039,17155/12,6205/4,6205/4,1.440019965614774554933170648,1,1.440019965614774554933170648,planned
B-2039-05,B,B-2039,1460,4745/3,4745/3,1.440019965614774554933170648,1,1.440019965614774554933170648,planned
B-2039-06,B,B-2039,17885/12,19345/12,19345/12,1.440019965614774554933170648,1,1.440019965614774554933170648,planned
B-2039-07,B,B-2039,9125/6,3285/2,3285/2,1.440019965614774554933170648,1,1.440019965614774554933170648,planned
B-2039-08,B,B-2039,6205/4,20075/12,20075/12,1.440019965614774554933170648,1,1.440019965614774554933170648,planned
B-2039-09,B,B-2039,4745/3,5110/3,5110/3,1.440019965614774554933170648,1,1.440019965614774554933170648,planned
B-2039-10,B,B-2039,19345/12,6935/4,6935/4,1.440019965614774554933170648,1,1.440019965614774554933170648,planned
B-2039-11,B,B-2039,3285/2,10585/6,10585/6,1.440019965614774554933170648,1,1.440019965614774554933170648,planned
B-2039-12,B,B-2039,20075/12,21535/12,21535/12,1.44001996561477455493317063,1,1.44001996561477455493317063,planned
A-2040-01,A,A-2040,1460,1825,1825,15.83333333333333333333333333,1,15.83333333333333333333333333,planned
A-2040-02,A,A-2040,17885/12,22265/12,22265/12,15.83333333333333333333333333,1,15.83333333333333333333333333,planned
A-2040-03,A,A-2040,9125/6,11315/6,11315/6,15.83333333333333333333333333,1,15.83333333333333333333333333,planned
A-2040-04,A,A-2040,6205/4,7665/4,7665/4,15.83333333333333333333333333,1,15.83333333333333333333333333,planned
A-2040-05,A,A-2040,4745/3,5840/3,5840/3,15.83333333333333333333333333,1,15.83333333333333333333333333,planned
A-2040-06,A,A-2040,19345/12,23725/12,23725/12,15.83333333333333333333333333,1,15.83333333333333333333333333,planned
A-2040-07,A,A-2040,3285/2,4015/2,4015/2,15.83333333333333333333333333,1,15.83333333333333333333333333,planned
A-2040-08,A,A-2040,20075/12,24455/12,24455/12,15.83333333333333333333333333,1,15.83333333333333333333333333,planned
A-2040-09,A,A-2040,5110/3,6205/3,6205/3,15.83333333333333333333333333,1,15.83333333333333333333333333,planned
A-2040-10,A,A-2040,6935/4,8395/4,8395/4,15.83333333333333333333333333,1,15.83333333333333333333333333,planned
A-2040-11,A,A-2040,10585/6,12775/6,12775/6,15.83333333333333333333333333,1,15.83333333333333333333333333,planned
A-2040-12,A,A-2040,21535/12,25915/12,25915/12,15.8333333333333333333333335,1,15.8333333333333333333333335,planned
C-2040-01,C,C-2040,5110/3,1825,1825,10.83333333333333333333333333,1,10.83333333333333333333333333,planned
C-2040-02,C,C-2040,6935/4,22265/12,22265/12,10.83333333333333333333333333,1,10.83333333333333333333333333,planned
C-2040-03,C,C-2040,10585/6,11315/6,11315/6,10.83333333333333333333333333,1,10.83333333333333333333333333,planned
C-2040-04,C,C-2040,21535/12,7665/4,7665/4,10.83333333333333333333333333,1,10.83333333333333333333333333,planned
C-2040-05,C,C-2040,1825,5840/3,5840/3,10.83333333333333333333333333,1,10.83333333333333333333333333,planned
C-2040-06,C,C-2040,22265/12,23725/12,23725/12,10.83333333333333333333333333,1,10.83333333333333333333333333,planned
C-2040-07,C,C-2040,11315/6,4015/2,4015/2,10.83333333333333333333333333,1,10.83333333333333333333333333,planned
C-2040-08,C,C-2040,7665/4,24455/12,24455/12,10.83333333333333333333333333,1,10.83333333333333333333333333,planned
C-2040-09,C,C-2040,5840/3,6205/3,6205/3,10.83333333333333333333333333,1,10.83333333333333333333333333,planned
C-2040-10,C,C-2040,23725/12,8395/4,8395/4,10.83333333333333333333333333,1,10.83333333333333333333333333,planned
C-2040-11,C,C-2040,4015/2,12775/6,12775/6,10.83333333333333333333333333,1,10.83333333333333333333333333,planned
C-2040-12,C,C-2040,24455/12,25915/12,25915/12,10.8333333333333333333333334,1,10.8333333333333333333333334,planned
B-2040-01,B,B-2040,5110/3,1825,1825,0.009613073780341264119202117075,1,0.009613073780341264119202117075,planned
B-2040-02,B,B-2040,6935/4,22265/12,22265/12,0.009613073780341264119202117075,1,0.009613073780341264119202117075,planned
B-2040-03,B,B-2040,10585/6,11315/6,11315/6,0.009613073780341264119202117075,1,0.009613073780341264119202117075,planned
B-2040-04,B,B-2040,21535/12,7665/4,7665/4,0.009613073780341264119202117075,1,0.009613073780341264119202117075,planned
B-2040-05,B,B-2040,1825,5840/3,5840/3,0.009613073780341264119202117075,1,0.009613073780341264119202117075,planned
B-2040-06,B,B-2040,22265/12,23725/12,23725/12,0.009613073780341264119202117075,1,0.009613073780341264119202117075,planned
B-2040-07,B,B-2040,11315/6,4015/2,4015/2,0.009613073780341264119202117075,1,0.009613073780341264119202117075,planned
B-2040-08,B,B-2040,7665/4,24455/12,24455/12,0.009613073780341264119202117075,1,0.009613073780341264119202117075,planned
B-2040-09,B,B-2040,5840/3,6205/3,6205/3,0.009613073780341264119202117075,1,0.009613073780341264119202117075,planned
B-2040-10,B,B-2040,23725/12,8395/4,8395/4,0.009613073780341264119202117075,1,0.009613073780341264119202117075,planned
B-2040-11,B,B-2040,4015/2,12775/6,12775/6,0.009613073780341264119202117075,1,0.009613073780341264119202117075,planned
B-2040-12,B,B-2040,24455/12,25915/12,25915/12,0.0096130737803412641192021170,1,0.0096130737803412641192021170,planned
RECOURSE-B-2038-01,B,B-2038,1095,3650/3,3650/3,4.744433198380566801619433856,1,4.744433198380566801619433856,emergency
RECOURSE-B-2038-02,B,B-2038,13505/12,14965/12,14965/12,4.744433198380566801619433856,1,4.744433198380566801619433856,emergency
RECOURSE-B-2038-03,B,B-2038,6935/6,2555/2,2555/2,4.744433198380566801619433856,1,4.744433198380566801619433856,emergency
RECOURSE-B-2038-04,B,B-2038,4745/4,15695/12,15695/12,4.744433198380566801619433856,1,4.744433198380566801619433856,emergency
RECOURSE-B-2038-05,B,B-2038,3650/3,4015/3,4015/3,4.744433198380566801619433856,1,4.744433198380566801619433856,emergency
RECOURSE-B-2038-06,B,B-2038,14965/12,5475/4,5475/4,4.744433198380566801619433856,1,4.744433198380566801619433856,emergency
RECOURSE-B-2038-07,B,B-2038,2555/2,8395/6,8395/6,4.744433198380566801619433856,1,4.744433198380566801619433856,emergency
RECOURSE-B-2038-08,B,B-2038,15695/12,17155/12,17155/12,4.74443319838056680161943384,1,4.74443319838056680161943384,emergency
RECOURSE-B-2039-01,B,B-2039,4015/3,1460,1460,4.048582995951417004048582928,1,4.048582995951417004048582928,emergency
RECOURSE-B-2039-02,B,B-2039,5475/4,17885/12,17885/12,4.048582995951417004048582928,1,4.048582995951417004048582928,emergency
RECOURSE-B-2039-03,B,B-2039,8395/6,9125/6,9125/6,4.048582995951417004048582928,1,4.048582995951417004048582928,emergency
RECOURSE-B-2039-04,B,B-2039,17155/12,6205/4,6205/4,4.048582995951417004048582928,1,4.048582995951417004048582928,emergency
RECOURSE-B-2039-05,B,B-2039,1460,4745/3,4745/3,4.048582995951417004048582928,1,4.048582995951417004048582928,emergency
RECOURSE-B-2039-06,B,B-2039,17885/12,19345/12,19345/12,4.048582995951417004048582928,1,4.048582995951417004048582928,emergency
RECOURSE-B-2039-07,B,B-2039,9125/6,3285/2,3285/2,4.048582995951417004048582928,1,4.048582995951417004048582928,emergency
RECOURSE-B-2039-08,B,B-2039,6205/4,20075/12,20075/12,4.048582995951417004048582928,1,4.048582995951417004048582928,emergency
RECOURSE-B-2039-09,B,B-2039,4745/3,5110/3,5110/3,4.048582995951417004048582928,1,4.048582995951417004048582928,emergency
RECOURSE-B-2039-10,B,B-2039,19345/12,6935/4,6935/4,4.048582995951417004048582928,1,4.048582995951417004048582928,emergency
RECOURSE-B-2039-11,B,B-2039,3285/2,10585/6,10585/6,4.048582995951417004048582928,1,4.048582995951417004048582928,emergency
RECOURSE-B-2039-12,B,B-2039,20075/12,21535/12,21535/12,4.04858299595141700404858292,1,4.04858299595141700404858292,emergency
RECOURSE-B-2040-01,B,B-2040,5110/3,1825,1825,4.934210526315789473684210518,1,4.934210526315789473684210518,emergency
RECOURSE-B-2040-02,B,B-2040,6935/4,22265/12,22265/12,4.934210526315789473684210518,1,4.934210526315789473684210518,emergency
RECOURSE-B-2040-03,B,B-2040,10585/6,11315/6,11315/6,4.934210526315789473684210518,1,4.934210526315789473684210518,emergency
RECOURSE-B-2040-04,B,B-2040,21535/12,7665/4,7665/4,4.934210526315789473684210518,1,4.934210526315789473684210518,emergency
RECOURSE-B-2040-05,B,B-2040,1825,5840/3,5840/3,4.934210526315789473684210518,1,4.934210526315789473684210518,emergency
RECOURSE-B-2040-06,B,B-2040,22265/12,23725/12,23725/12,4.934210526315789473684210518,1,4.934210526315789473684210518,emergency
RECOURSE-B-2040-07,B,B-2040,11315/6,4015/2,4015/2,4.934210526315789473684210518,1,4.934210526315789473684210518,emergency
RECOURSE-B-2040-08,B,B-2040,7665/4,24455/12,24455/12,4.934210526315789473684210518,1,4.934210526315789473684210518,emergency
RECOURSE-B-2040-09,B,B-2040,5840/3,6205/3,6205/3,4.934210526315789473684210518,1,4.934210526315789473684210518,emergency
RECOURSE-B-2040-10,B,B-2040,23725/12,8395/4,8395/4,4.934210526315789473684210518,1,4.934210526315789473684210518,emergency
RECOURSE-B-2040-11,B,B-2040,4015/2,12775/6,12775/6,4.934210526315789473684210518,1,4.934210526315789473684210518,emergency
RECOURSE-B-2040-12,B,B-2040,24455/12,25915/12,25915/12,4.93421052631578947368421050,1,4.93421052631578947368421050,emergency
